[
  {
    "name" : "Sanisette handicape",
    "coordinates" : {
      "longitude" : 2.34651257396,
      "latitude" : 48.8579750221
    }
  },
  {
    "name" : "Sanisette petit modle",
    "coordinates" : {
      "longitude" : 2.3417505347,
      "latitude" : 48.8588909222
    }
  },
  {
    "name" : "Sanisette petit modle",
    "coordinates" : {
      "longitude" : 2.34737014191,
      "latitude" : 48.858016639
    }
  },
  {
    "name" : "Sanisette petit modle type Champs Elyses",
    "coordinates" : {
      "longitude" : 2.34502070942,
      "latitude" : 48.8546213607
    }
  },
  {
    "name" : "Sanisette handicape",
    "coordinates" : {
      "longitude" : 2.34179652821,
      "latitude" : 48.8631501525
    }
  },
  {
    "name" : "Sanisette handicape",
    "coordinates" : {
      "longitude" : 2.34244907552,
      "latitude" : 48.8635520906
    }
  },
  {
    "name" : "Sanisette handicape",
    "coordinates" : {
      "longitude" : 2.34217863063,
      "latitude" : 48.8623459803
    }
  },
  {
    "name" : "Sanisette handicape",
    "coordinates" : {
      "longitude" : 2.34644007472,
      "latitude" : 48.8602794669
    }
  },
  {
    "name" : "Sanisette petit modle type Champs Elyses",
    "coordinates" : {
      "longitude" : 2.34881024236,
      "latitude" : 48.8598470879
    }
  },
  {
    "name" : "Sanisette petit modle type Champs Elyses",
    "coordinates" : {
      "longitude" : 2.35018858805,
      "latitude" : 48.8623145067
    }
  },
  {
    "name" : "Sanisette grand modle",
    "coordinates" : {
      "longitude" : 2.34048464953,
      "latitude" : 48.865024902
    }
  },
  {
    "name" : "Sanisette petit modle",
    "coordinates" : {
      "longitude" : 2.32630878104,
      "latitude" : 48.8695295571
    }
  },
  {
    "name" : "Sanisette petit modle",
    "coordinates" : {
      "longitude" : 2.33065753619,
      "latitude" : 48.8702780214
    }
  },
  {
    "name" : "Sanisette petit modle",
    "coordinates" : {
      "longitude" : 2.32933232351,
      "latitude" : 48.8700489378
    }
  },
  {
    "name" : "Sanisette grand modle",
    "coordinates" : {
      "longitude" : 2.32866704107,
      "latitude" : 48.8699466336
    }
  },
  {
    "name" : "Sanisette petit modle",
    "coordinates" : {
      "longitude" : 2.34061523544,
      "latitude" : 48.868909404
    }
  },
  {
    "name" : "Sanisette petit modle",
    "coordinates" : {
      "longitude" : 2.34322781247,
      "latitude" : 48.8687359891
    }
  },
  {
    "name" : "Sanisette petit modle type Champs Elyses",
    "coordinates" : {
      "longitude" : 2.34704283043,
      "latitude" : 48.8707347172
    }
  },
  {
    "name" : "Sanisette petit modle type Champs Elyses",
    "coordinates" : {
      "longitude" : 2.34363891419,
      "latitude" : 48.8713073912
    }
  },
  {
    "name" : "Sanisette grand modle",
    "coordinates" : {
      "longitude" : 2.35270511352,
      "latitude" : 48.8668079113
    }
  },
  {
    "name" : "Sanisette handicape",
    "coordinates" : {
      "longitude" : 2.34954652764,
      "latitude" : 48.866794951
    }
  },
  {
    "name" : "Sanisette petit modle",
    "coordinates" : {
      "longitude" : 2.34844990004,
      "latitude" : 48.8681538556
    }
  },
  {
    "name" : "Sanisette petit modle type Champs Elyses",
    "coordinates" : {
      "longitude" : 2.35094753429,
      "latitude" : 48.8636650353
    }
  },
  {
    "name" : "Sanisette petit modle type Champs Elyses",
    "coordinates" : {
      "longitude" : 2.35159803726,
      "latitude" : 48.8648257721
    }
  },
  {
    "name" : "Sanisette grand modle",
    "coordinates" : {
      "longitude" : 2.35402291498,
      "latitude" : 48.8659779306
    }
  },
  {
    "name" : "Sanisette grand modle",
    "coordinates" : {
      "longitude" : 2.35420261492,
      "latitude" : 48.8668743168
    }
  },
  {
    "name" : "Sanisette handicape",
    "coordinates" : {
      "longitude" : 2.35250348573,
      "latitude" : 48.8660111922
    }
  },
  {
    "name" : "Sanisette petit modle type Champs Elyses",
    "coordinates" : {
      "longitude" : 2.35221993569,
      "latitude" : 48.8655009197
    }
  },
  {
    "name" : "Sanisette grand modle",
    "coordinates" : {
      "longitude" : 2.36631290211,
      "latitude" : 48.8635073994
    }
  },
  {
    "name" : "Sanisette grand modle",
    "coordinates" : {
      "longitude" : 2.36702790754,
      "latitude" : 48.8611246647
    }
  },
  {
    "name" : "Sanisette petit modle",
    "coordinates" : {
      "longitude" : 2.36508601219,
      "latitude" : 48.8655544671
    }
  },
  {
    "name" : "Sanisette handicape",
    "coordinates" : {
      "longitude" : 2.36068291253,
      "latitude" : 48.8600619275
    }
  },
  {
    "name" : "Sanisette grand modle",
    "coordinates" : {
      "longitude" : 2.35934713581,
      "latitude" : 48.8626835101
    }
  },
  {
    "name" : "Sanisette petit modle type Champs Elyses",
    "coordinates" : {
      "longitude" : 2.35050206184,
      "latitude" : 48.862435189
    }
  },
  {
    "name" : "Sanisette petit modle",
    "coordinates" : {
      "longitude" : 2.35129581431,
      "latitude" : 48.8607935533
    }
  },
  {
    "name" : "Sanisette petit modle",
    "coordinates" : {
      "longitude" : 2.35114970188,
      "latitude" : 48.8605254352
    }
  },
  {
    "name" : "Sanisette petit modle",
    "coordinates" : {
      "longitude" : 2.35289139656,
      "latitude" : 48.8613257419
    }
  },
  {
    "name" : "Sanisette petit modle type Champs Elyses",
    "coordinates" : {
      "longitude" : 2.35035579512,
      "latitude" : 48.8601931041
    }
  },
  {
    "name" : "Sanisette petit modle type Champs Elyses",
    "coordinates" : {
      "longitude" : 2.35027532126,
      "latitude" : 48.8602153616
    }
  },
  {
    "name" : "Sanisette petit modle type Champs Elyses",
    "coordinates" : {
      "longitude" : 2.35000495933,
      "latitude" : 48.8615344089
    }
  },
  {
    "name" : "Sanisette petit modle type Champs Elyses",
    "coordinates" : {
      "longitude" : 2.34977706308,
      "latitude" : 48.8581965603
    }
  },
  {
    "name" : "Sanisette petit modle",
    "coordinates" : {
      "longitude" : 2.35412310027,
      "latitude" : 48.8567948256
    }
  },
  {
    "name" : "Sanisette petit modle",
    "coordinates" : {
      "longitude" : 2.36049669687,
      "latitude" : 48.8552245999
    }
  },
  {
    "name" : "Sanisette petit modle type Champs Elyses",
    "coordinates" : {
      "longitude" : 2.34636324497,
      "latitude" : 48.8558152429
    }
  },
  {
    "name" : "Sanisette petit modle",
    "coordinates" : {
      "longitude" : 2.35368275699,
      "latitude" : 48.8476046879
    }
  },
  {
    "name" : "Sanisette petit modle",
    "coordinates" : {
      "longitude" : 2.35621984282,
      "latitude" : 48.8413001271
    }
  },
  {
    "name" : "Sanisette grand modle",
    "coordinates" : {
      "longitude" : 2.35344727838,
      "latitude" : 48.8404627123
    }
  },
  {
    "name" : "Sanisette handicape",
    "coordinates" : {
      "longitude" : 2.35206747494,
      "latitude" : 48.8431261029
    }
  },
  {
    "name" : "Sanisette handicape",
    "coordinates" : {
      "longitude" : 2.35117701638,
      "latitude" : 48.8379531536
    }
  },
  {
    "name" : "Sanisette petit modle",
    "coordinates" : {
      "longitude" : 2.35355049783,
      "latitude" : 48.837412448
    }
  },
  {
    "name" : "Sanisette petit modle",
    "coordinates" : {
      "longitude" : 2.34862196122,
      "latitude" : 48.8416132491
    }
  },
  {
    "name" : "Sanisette petit modle",
    "coordinates" : {
      "longitude" : 2.33871896298,
      "latitude" : 48.8391878518
    }
  },
  {
    "name" : "Sanisette petit modle",
    "coordinates" : {
      "longitude" : 2.34396524289,
      "latitude" : 48.8478093335
    }
  },
  {
    "name" : "Sanisette petit modle type Champs Elyses",
    "coordinates" : {
      "longitude" : 2.33962548384,
      "latitude" : 48.852072444
    }
  },
  {
    "name" : "Sanisette petit modle type Champs Elyses",
    "coordinates" : {
      "longitude" : 2.34279353295,
      "latitude" : 48.8513904062
    }
  },
  {
    "name" : "Sanisette petit modle",
    "coordinates" : {
      "longitude" : 2.33467695898,
      "latitude" : 48.8527344218
    }
  },
  {
    "name" : "Sanisette petit modle",
    "coordinates" : {
      "longitude" : 2.3361986734,
      "latitude" : 48.8529903069
    }
  },
  {
    "name" : "Sanisette petit modle",
    "coordinates" : {
      "longitude" : 2.3374686391,
      "latitude" : 48.8417572068
    }
  },
  {
    "name" : "Sanisette petit modle type Champs Elyses",
    "coordinates" : {
      "longitude" : 2.34002361258,
      "latitude" : 48.8461311056
    }
  },
  {
    "name" : "Sanisette handicape",
    "coordinates" : {
      "longitude" : 2.32796106849,
      "latitude" : 48.8476865862
    }
  },
  {
    "name" : "Sanisette petit modle",
    "coordinates" : {
      "longitude" : 2.32727586066,
      "latitude" : 48.8504794968
    }
  },
  {
    "name" : "Sanisette petit modle type Champs Elyses",
    "coordinates" : {
      "longitude" : 2.33098463157,
      "latitude" : 48.8544301992
    }
  },
  {
    "name" : "Sanisette petit modle",
    "coordinates" : {
      "longitude" : 2.32427090765,
      "latitude" : 48.8574214512
    }
  },
  {
    "name" : "Sanisette handicape",
    "coordinates" : {
      "longitude" : 2.32301511307,
      "latitude" : 48.8498294659
    }
  },
  {
    "name" : "Sanisette petit modle",
    "coordinates" : {
      "longitude" : 2.29589344335,
      "latitude" : 48.8550912476
    }
  },
  {
    "name" : "Sanisette petit modle type Champs Elyses",
    "coordinates" : {
      "longitude" : 2.30507417443,
      "latitude" : 48.8543022573
    }
  },
  {
    "name" : "Sanisette petit modle type Champs Elyses",
    "coordinates" : {
      "longitude" : 2.30130198277,
      "latitude" : 48.8678577186
    }
  },
  {
    "name" : "Sanisette grand modle",
    "coordinates" : {
      "longitude" : 2.29905904993,
      "latitude" : 48.868425808
    }
  },
  {
    "name" : "Sanisette grand modle",
    "coordinates" : {
      "longitude" : 2.30121019278,
      "latitude" : 48.8688507024
    }
  },
  {
    "name" : "Sanisette grand modle",
    "coordinates" : {
      "longitude" : 2.29902510423,
      "latitude" : 48.8753658609
    }
  },
  {
    "name" : "Sanisette handicape",
    "coordinates" : {
      "longitude" : 2.30318458138,
      "latitude" : 48.8747755264
    }
  },
  {
    "name" : "Sanisette petit modle type Champs Elyses",
    "coordinates" : {
      "longitude" : 2.3040325732,
      "latitude" : 48.8746543111
    }
  },
  {
    "name" : "Sanisette petit modle type Champs Elyses",
    "coordinates" : {
      "longitude" : 2.30234836749,
      "latitude" : 48.8746197988
    }
  },
  {
    "name" : "Sanisette grand modle",
    "coordinates" : {
      "longitude" : 2.30637097568,
      "latitude" : 48.875043012
    }
  },
  {
    "name" : "Sanisette petit modle type Champs Elyses",
    "coordinates" : {
      "longitude" : 2.3047702039,
      "latitude" : 48.8779321381
    }
  },
  {
    "name" : "Sanisette petit modle",
    "coordinates" : {
      "longitude" : 2.32536636342,
      "latitude" : 48.8714421436
    }
  },
  {
    "name" : "Sanisette handicape",
    "coordinates" : {
      "longitude" : 2.32044421284,
      "latitude" : 48.8743621841
    }
  },
  {
    "name" : "Sanisette petit modle",
    "coordinates" : {
      "longitude" : 2.31510268432,
      "latitude" : 48.8754072992
    }
  },
  {
    "name" : "Sanisette petit modle",
    "coordinates" : {
      "longitude" : 2.31444556321,
      "latitude" : 48.8749843233
    }
  },
  {
    "name" : "Sanisette petit modle type Champs Elyses",
    "coordinates" : {
      "longitude" : 2.32674552807,
      "latitude" : 48.8759858529
    }
  },
  {
    "name" : "Sanisette grand modle",
    "coordinates" : {
      "longitude" : 2.32063978129,
      "latitude" : 48.8815432638
    }
  },
  {
    "name" : "Sanisette grand modle",
    "coordinates" : {
      "longitude" : 2.32640878836,
      "latitude" : 48.8833519878
    }
  },
  {
    "name" : "Sanisette handicape",
    "coordinates" : {
      "longitude" : 2.32627974469,
      "latitude" : 48.8833416971
    }
  },
  {
    "name" : "Sanisette petit modle",
    "coordinates" : {
      "longitude" : 2.32915528057,
      "latitude" : 48.8843701288
    }
  },
  {
    "name" : "Sanisette petit modle",
    "coordinates" : {
      "longitude" : 2.33026402893,
      "latitude" : 48.8843723326
    }
  },
  {
    "name" : "Sanisette petit modle",
    "coordinates" : {
      "longitude" : 2.33177596254,
      "latitude" : 48.8839669149
    }
  },
  {
    "name" : "Sanisette petit modle type Champs Elyses",
    "coordinates" : {
      "longitude" : 2.33348610595,
      "latitude" : 48.8835388759
    }
  },
  {
    "name" : "Sanisette petit modle type Champs Elyses",
    "coordinates" : {
      "longitude" : 2.33648039397,
      "latitude" : 48.8826623687
    }
  },
  {
    "name" : "Sanisette petit modle type Champs Elyses",
    "coordinates" : {
      "longitude" : 2.3364386017,
      "latitude" : 48.8826744907
    }
  },
  {
    "name" : "Sanisette petit modle type Champs Elyses",
    "coordinates" : {
      "longitude" : 2.33915077037,
      "latitude" : 48.8820891223
    }
  },
  {
    "name" : "Sanisette petit modle",
    "coordinates" : {
      "longitude" : 2.33065852213,
      "latitude" : 48.8704538743
    }
  },
  {
    "name" : "Sanisette petit modle",
    "coordinates" : {
      "longitude" : 2.33444434767,
      "latitude" : 48.8726903579
    }
  },
  {
    "name" : "Sanisette handicape",
    "coordinates" : {
      "longitude" : 2.34140603526,
      "latitude" : 48.8823062092
    }
  },
  {
    "name" : "Sanisette petit modle type Champs Elyses",
    "coordinates" : {
      "longitude" : 2.34333879794,
      "latitude" : 48.8826826389
    }
  },
  {
    "name" : "Sanisette petit modle type Champs Elyses",
    "coordinates" : {
      "longitude" : 2.34338890869,
      "latitude" : 48.8826928879
    }
  },
  {
    "name" : "Sanisette grand modle",
    "coordinates" : {
      "longitude" : 2.34740002192,
      "latitude" : 48.8834137814
    }
  },
  {
    "name" : "Sanisette grand modle",
    "coordinates" : {
      "longitude" : 2.34550183727,
      "latitude" : 48.8816681318
    }
  },
  {
    "name" : "Sanisette petit modle",
    "coordinates" : {
      "longitude" : 2.34870613292,
      "latitude" : 48.8836934306
    }
  },
  {
    "name" : "Sanisette petit modle",
    "coordinates" : {
      "longitude" : 2.345898208,
      "latitude" : 48.8832405438
    }
  },
  {
    "name" : "Sanisette handicape",
    "coordinates" : {
      "longitude" : 2.35052380001,
      "latitude" : 48.8822467532
    }
  },
  {
    "name" : "Sanisette handicape",
    "coordinates" : {
      "longitude" : 2.35415204087,
      "latitude" : 48.8791111663
    }
  },
  {
    "name" : "Sanisette handicape",
    "coordinates" : {
      "longitude" : 2.35509174954,
      "latitude" : 48.8771572185
    }
  },
  {
    "name" : "Sanisette handicape",
    "coordinates" : {
      "longitude" : 2.35320827126,
      "latitude" : 48.8818121416
    }
  },
  {
    "name" : "Sanisette petit modle",
    "coordinates" : {
      "longitude" : 2.35457725355,
      "latitude" : 48.8793854971
    }
  },
  {
    "name" : "Sanisette handicape",
    "coordinates" : {
      "longitude" : 2.36160810354,
      "latitude" : 48.8781408248
    }
  },
  {
    "name" : "Sanisette handicape",
    "coordinates" : {
      "longitude" : 2.35624387419,
      "latitude" : 48.8757784295
    }
  },
  {
    "name" : "Sanisette handicape",
    "coordinates" : {
      "longitude" : 2.35585610042,
      "latitude" : 48.8757800402
    }
  },
  {
    "name" : "Sanisette grand modle",
    "coordinates" : {
      "longitude" : 2.36298445851,
      "latitude" : 48.8681994423
    }
  },
  {
    "name" : "Sanisette petit modle",
    "coordinates" : {
      "longitude" : 2.35615696249,
      "latitude" : 48.8689826057
    }
  },
  {
    "name" : "Sanisette grand modle",
    "coordinates" : {
      "longitude" : 2.36097764031,
      "latitude" : 48.8710981606
    }
  },
  {
    "name" : "Sanisette petit modle",
    "coordinates" : {
      "longitude" : 2.36485532636,
      "latitude" : 48.8680029274
    }
  },
  {
    "name" : "Sanisette grand modle",
    "coordinates" : {
      "longitude" : 2.36621649787,
      "latitude" : 48.8818778625
    }
  },
  {
    "name" : "Sanisette handicape",
    "coordinates" : {
      "longitude" : 2.36042352413,
      "latitude" : 48.8757444198
    }
  },
  {
    "name" : "Sanisette handicape",
    "coordinates" : {
      "longitude" : 2.36136221959,
      "latitude" : 48.8763007671
    }
  },
  {
    "name" : "Sanisette handicape",
    "coordinates" : {
      "longitude" : 2.36815913365,
      "latitude" : 48.8762426902
    }
  },
  {
    "name" : "Sanisette handicape",
    "coordinates" : {
      "longitude" : 2.36361462907,
      "latitude" : 48.8749183658
    }
  },
  {
    "name" : "Sanisette handicape",
    "coordinates" : {
      "longitude" : 2.36397863016,
      "latitude" : 48.8770136044
    }
  },
  {
    "name" : "Sanisette petit modle",
    "coordinates" : {
      "longitude" : 2.36827129324,
      "latitude" : 48.8761499807
    }
  },
  {
    "name" : "Sanisette petit modle",
    "coordinates" : {
      "longitude" : 2.37031782502,
      "latitude" : 48.8822253689
    }
  },
  {
    "name" : "Sanisette petit modle",
    "coordinates" : {
      "longitude" : 2.37004054226,
      "latitude" : 48.8779746681
    }
  },
  {
    "name" : "Sanisette handicape",
    "coordinates" : {
      "longitude" : 2.36873226168,
      "latitude" : 48.8835795826
    }
  },
  {
    "name" : "Sanisette grand modle",
    "coordinates" : {
      "longitude" : 2.37338167903,
      "latitude" : 48.875136598
    }
  },
  {
    "name" : "Sanisette handicape",
    "coordinates" : {
      "longitude" : 2.37087944929,
      "latitude" : 48.8774232148
    }
  },
  {
    "name" : "Sanisette handicape",
    "coordinates" : {
      "longitude" : 2.37217264247,
      "latitude" : 48.8761986107
    }
  },
  {
    "name" : "Sanisette handicape",
    "coordinates" : {
      "longitude" : 2.37526883108,
      "latitude" : 48.873485217
    }
  },
  {
    "name" : "Sanisette handicape",
    "coordinates" : {
      "longitude" : 2.37661476818,
      "latitude" : 48.8722852931
    }
  },
  {
    "name" : "Sanisette petit modle",
    "coordinates" : {
      "longitude" : 2.37020088032,
      "latitude" : 48.8737661517
    }
  },
  {
    "name" : "Sanisette petit modle",
    "coordinates" : {
      "longitude" : 2.36957393181,
      "latitude" : 48.8723178278
    }
  },
  {
    "name" : "Sanisette handicape",
    "coordinates" : {
      "longitude" : 2.36936725338,
      "latitude" : 48.8658510378
    }
  },
  {
    "name" : "Sanisette petit modle",
    "coordinates" : {
      "longitude" : 2.36731362676,
      "latitude" : 48.868455189
    }
  },
  {
    "name" : "Sanisette petit modle",
    "coordinates" : {
      "longitude" : 2.37112587238,
      "latitude" : 48.8696770328
    }
  },
  {
    "name" : "Sanisette handicape",
    "coordinates" : {
      "longitude" : 2.37616380538,
      "latitude" : 48.8717247514
    }
  },
  {
    "name" : "Sanisette petit modle",
    "coordinates" : {
      "longitude" : 2.38147711282,
      "latitude" : 48.868320787
    }
  },
  {
    "name" : "Sanisette handicape",
    "coordinates" : {
      "longitude" : 2.37101342917,
      "latitude" : 48.8633672664
    }
  },
  {
    "name" : "Sanisette petit modle",
    "coordinates" : {
      "longitude" : 2.3726479504,
      "latitude" : 48.8617238725
    }
  },
  {
    "name" : "Sanisette handicape",
    "coordinates" : {
      "longitude" : 2.37606838545,
      "latitude" : 48.864877408
    }
  },
  {
    "name" : "Sanisette handicape",
    "coordinates" : {
      "longitude" : 2.37950950343,
      "latitude" : 48.8642250766
    }
  },
  {
    "name" : "Sanisette petit modle",
    "coordinates" : {
      "longitude" : 2.37904410396,
      "latitude" : 48.8622857866
    }
  },
  {
    "name" : "Sanisette grand modle",
    "coordinates" : {
      "longitude" : 2.38363060385,
      "latitude" : 48.8636192908
    }
  },
  {
    "name" : "Sanisette grand modle",
    "coordinates" : {
      "longitude" : 2.38504100829,
      "latitude" : 48.8650307559
    }
  },
  {
    "name" : "Sanisette petit modle",
    "coordinates" : {
      "longitude" : 2.38092854754,
      "latitude" : 48.8656861568
    }
  },
  {
    "name" : "Sanisette handicape",
    "coordinates" : {
      "longitude" : 2.37282146383,
      "latitude" : 48.8548847083
    }
  },
  {
    "name" : "Sanisette handicape",
    "coordinates" : {
      "longitude" : 2.36966664061,
      "latitude" : 48.8539734801
    }
  },
  {
    "name" : "Sanisette handicape",
    "coordinates" : {
      "longitude" : 2.37931423065,
      "latitude" : 48.8570383338
    }
  },
  {
    "name" : "Sanisette handicape",
    "coordinates" : {
      "longitude" : 2.37763112131,
      "latitude" : 48.854127107
    }
  },
  {
    "name" : "Sanisette handicape",
    "coordinates" : {
      "longitude" : 2.38354075406,
      "latitude" : 48.8556459191
    }
  },
  {
    "name" : "Sanisette handicape",
    "coordinates" : {
      "longitude" : 2.38023077166,
      "latitude" : 48.8583155437
    }
  },
  {
    "name" : "Sanisette handicape",
    "coordinates" : {
      "longitude" : 2.3809400196,
      "latitude" : 48.8571710311
    }
  },
  {
    "name" : "Sanisette handicape",
    "coordinates" : {
      "longitude" : 2.38390913796,
      "latitude" : 48.8586892757
    }
  },
  {
    "name" : "Sanisette handicape",
    "coordinates" : {
      "longitude" : 2.38911253235,
      "latitude" : 48.8592380588
    }
  },
  {
    "name" : "Sanisette grand modle",
    "coordinates" : {
      "longitude" : 2.38834999599,
      "latitude" : 48.8607863837
    }
  },
  {
    "name" : "Sanisette handicape",
    "coordinates" : {
      "longitude" : 2.38931209909,
      "latitude" : 48.8588216769
    }
  },
  {
    "name" : "Sanisette handicape",
    "coordinates" : {
      "longitude" : 2.39243708709,
      "latitude" : 48.8574980622
    }
  },
  {
    "name" : "Sanisette handicape",
    "coordinates" : {
      "longitude" : 2.38400785854,
      "latitude" : 48.8504277188
    }
  },
  {
    "name" : "Sanisette handicape",
    "coordinates" : {
      "longitude" : 2.39364499892,
      "latitude" : 48.8495622827
    }
  },
  {
    "name" : "Sanisette petit modle",
    "coordinates" : {
      "longitude" : 2.3825713327,
      "latitude" : 48.8537143655
    }
  },
  {
    "name" : "Sanisette handicape",
    "coordinates" : {
      "longitude" : 2.38786707199,
      "latitude" : 48.8532953714
    }
  },
  {
    "name" : "Sanisette grand modle",
    "coordinates" : {
      "longitude" : 2.39842286675,
      "latitude" : 48.8510407255
    }
  },
  {
    "name" : "Sanisette handicape",
    "coordinates" : {
      "longitude" : 2.39370822656,
      "latitude" : 48.8521431002
    }
  },
  {
    "name" : "Sanisette handicape",
    "coordinates" : {
      "longitude" : 2.40462895296,
      "latitude" : 48.8404466788
    }
  },
  {
    "name" : "Sanisette petit modle",
    "coordinates" : {
      "longitude" : 2.44112141555,
      "latitude" : 48.8441417557
    }
  },
  {
    "name" : "Sanisette handicape",
    "coordinates" : {
      "longitude" : 2.38417517113,
      "latitude" : 48.8471305583
    }
  },
  {
    "name" : "Sanisette petit modle",
    "coordinates" : {
      "longitude" : 2.38490659592,
      "latitude" : 48.8455886146
    }
  },
  {
    "name" : "Sanisette handicape",
    "coordinates" : {
      "longitude" : 2.40185022292,
      "latitude" : 48.8436758371
    }
  },
  {
    "name" : "Sanisette grand modle",
    "coordinates" : {
      "longitude" : 2.3920123076,
      "latitude" : 48.8405211561
    }
  },
  {
    "name" : "Sanisette grand modle",
    "coordinates" : {
      "longitude" : 2.38954366239,
      "latitude" : 48.8389400362
    }
  },
  {
    "name" : "Sanisette grand modle",
    "coordinates" : {
      "longitude" : 2.380969203,
      "latitude" : 48.8388537081
    }
  },
  {
    "name" : "Sanisette petit modle",
    "coordinates" : {
      "longitude" : 2.37820782514,
      "latitude" : 48.8396162273
    }
  },
  {
    "name" : "Sanisette petit modle",
    "coordinates" : {
      "longitude" : 2.3670233904,
      "latitude" : 48.8459950488
    }
  },
  {
    "name" : "Sanisette grand modle",
    "coordinates" : {
      "longitude" : 2.37108104085,
      "latitude" : 48.8492484999
    }
  },
  {
    "name" : "Sanisette petit modle",
    "coordinates" : {
      "longitude" : 2.37176330715,
      "latitude" : 48.8474350572
    }
  },
  {
    "name" : "Sanisette grand modle",
    "coordinates" : {
      "longitude" : 2.38219256658,
      "latitude" : 48.8468949826
    }
  },
  {
    "name" : "Sanisette grand modle",
    "coordinates" : {
      "longitude" : 2.36921361919,
      "latitude" : 48.8452800471
    }
  },
  {
    "name" : "Sanisette grand modle",
    "coordinates" : {
      "longitude" : 2.37740887384,
      "latitude" : 48.8444857822
    }
  },
  {
    "name" : "Sanisette petit modle",
    "coordinates" : {
      "longitude" : 2.37654331575,
      "latitude" : 48.8461030556
    }
  },
  {
    "name" : "Sanisette handicape",
    "coordinates" : {
      "longitude" : 2.35612824457,
      "latitude" : 48.8325779426
    }
  },
  {
    "name" : "Sanisette petit modle",
    "coordinates" : {
      "longitude" : 2.35563533259,
      "latitude" : 48.8379061639
    }
  },
  {
    "name" : "Sanisette grand modle",
    "coordinates" : {
      "longitude" : 2.35872004873,
      "latitude" : 48.8356209435
    }
  },
  {
    "name" : "Sanisette grand modle",
    "coordinates" : {
      "longitude" : 2.36148594961,
      "latitude" : 48.8328312614
    }
  },
  {
    "name" : "Sanisette petit modle",
    "coordinates" : {
      "longitude" : 2.36173770933,
      "latitude" : 48.8396407549
    }
  },
  {
    "name" : "Sanisette petit modle",
    "coordinates" : {
      "longitude" : 2.36432523856,
      "latitude" : 48.8430841839
    }
  },
  {
    "name" : "Sanisette grand modle",
    "coordinates" : {
      "longitude" : 2.36436890417,
      "latitude" : 48.8292800622
    }
  },
  {
    "name" : "Sanisette handicape",
    "coordinates" : {
      "longitude" : 2.36454750044,
      "latitude" : 48.8268300172
    }
  },
  {
    "name" : "Sanisette handicape",
    "coordinates" : {
      "longitude" : 2.35845087736,
      "latitude" : 48.8282005089
    }
  },
  {
    "name" : "Sanisette petit modle",
    "coordinates" : {
      "longitude" : 2.36336913502,
      "latitude" : 48.8330615538
    }
  },
  {
    "name" : "Sanisette petit modle",
    "coordinates" : {
      "longitude" : 2.36896362277,
      "latitude" : 48.829753018
    }
  },
  {
    "name" : "Sanisette petit modle",
    "coordinates" : {
      "longitude" : 2.37481853138,
      "latitude" : 48.829442079
    }
  },
  {
    "name" : "Sanisette petit modle",
    "coordinates" : {
      "longitude" : 2.36872024524,
      "latitude" : 48.8272559515
    }
  },
  {
    "name" : "Sanisette handicape",
    "coordinates" : {
      "longitude" : 2.36900374917,
      "latitude" : 48.8212461669
    }
  },
  {
    "name" : "Sanisette grand modle",
    "coordinates" : {
      "longitude" : 2.3668433376,
      "latitude" : 48.8226700252
    }
  },
  {
    "name" : "Sanisette grand modle",
    "coordinates" : {
      "longitude" : 2.34178223819,
      "latitude" : 48.8266789273
    }
  },
  {
    "name" : "Sanisette grand modle",
    "coordinates" : {
      "longitude" : 2.35229586704,
      "latitude" : 48.830152278
    }
  },
  {
    "name" : "Sanisette grand modle",
    "coordinates" : {
      "longitude" : 2.351392963,
      "latitude" : 48.8269370567
    }
  },
  {
    "name" : "Sanisette grand modle",
    "coordinates" : {
      "longitude" : 2.35651792412,
      "latitude" : 48.8280693699
    }
  },
  {
    "name" : "Sanisette grand modle",
    "coordinates" : {
      "longitude" : 2.3530598142,
      "latitude" : 48.8240566598
    }
  },
  {
    "name" : "Sanisette petit modle",
    "coordinates" : {
      "longitude" : 2.35809866111,
      "latitude" : 48.8239294206
    }
  },
  {
    "name" : "Sanisette grand modle",
    "coordinates" : {
      "longitude" : 2.36394631357,
      "latitude" : 48.8195756008
    }
  },
  {
    "name" : "Sanisette petit modle",
    "coordinates" : {
      "longitude" : 2.36000704269,
      "latitude" : 48.8178533706
    }
  },
  {
    "name" : "Sanisette grand modle",
    "coordinates" : {
      "longitude" : 2.3476835913,
      "latitude" : 48.8199680222
    }
  },
  {
    "name" : "Sanisette grand modle",
    "coordinates" : {
      "longitude" : 2.34632882919,
      "latitude" : 48.8349556506
    }
  },
  {
    "name" : "Sanisette grand modle",
    "coordinates" : {
      "longitude" : 2.34440482443,
      "latitude" : 48.8311328309
    }
  },
  {
    "name" : "Sanisette petit modle",
    "coordinates" : {
      "longitude" : 2.35352223004,
      "latitude" : 48.8341677174
    }
  },
  {
    "name" : "Sanisette handicape",
    "coordinates" : {
      "longitude" : 2.33211343841,
      "latitude" : 48.8348121872
    }
  },
  {
    "name" : "Sanisette grand modle",
    "coordinates" : {
      "longitude" : 2.32286804152,
      "latitude" : 48.8417215659
    }
  },
  {
    "name" : "Sanisette petit modle",
    "coordinates" : {
      "longitude" : 2.32526452504,
      "latitude" : 48.8408649796
    }
  },
  {
    "name" : "Sanisette grand modle",
    "coordinates" : {
      "longitude" : 2.33685117455,
      "latitude" : 48.8393296761
    }
  },
  {
    "name" : "Sanisette petit modle",
    "coordinates" : {
      "longitude" : 2.33492282953,
      "latitude" : 48.8368761071
    }
  },
  {
    "name" : "Sanisette petit modle",
    "coordinates" : {
      "longitude" : 2.33865780224,
      "latitude" : 48.8375705119
    }
  },
  {
    "name" : "Sanisette petit modle",
    "coordinates" : {
      "longitude" : 2.34105112542,
      "latitude" : 48.8347024902
    }
  },
  {
    "name" : "Sanisette petit modle",
    "coordinates" : {
      "longitude" : 2.34179667803,
      "latitude" : 48.8382614927
    }
  },
  {
    "name" : "Sanisette petit modle type Champs Elyses",
    "coordinates" : {
      "longitude" : 2.33675090907,
      "latitude" : 48.834679181
    }
  },
  {
    "name" : "Sanisette grand modle",
    "coordinates" : {
      "longitude" : 2.3394536253,
      "latitude" : 48.8245317611
    }
  },
  {
    "name" : "Sanisette handicape",
    "coordinates" : {
      "longitude" : 2.3385096267,
      "latitude" : 48.8244402119
    }
  },
  {
    "name" : "Sanisette grand modle",
    "coordinates" : {
      "longitude" : 2.34431133992,
      "latitude" : 48.8189770327
    }
  },
  {
    "name" : "Sanisette grand modle",
    "coordinates" : {
      "longitude" : 2.32529190118,
      "latitude" : 48.8322662264
    }
  },
  {
    "name" : "Sanisette grand modle",
    "coordinates" : {
      "longitude" : 2.32893779845,
      "latitude" : 48.8304202543
    }
  },
  {
    "name" : "Sanisette petit modle",
    "coordinates" : {
      "longitude" : 2.32628730202,
      "latitude" : 48.829601487
    }
  },
  {
    "name" : "Sanisette petit modle",
    "coordinates" : {
      "longitude" : 2.33117941091,
      "latitude" : 48.8329993715
    }
  },
  {
    "name" : "Sanisette grand modle",
    "coordinates" : {
      "longitude" : 2.33090476096,
      "latitude" : 48.8323301366
    }
  },
  {
    "name" : "Sanisette petit modle",
    "coordinates" : {
      "longitude" : 2.32797222112,
      "latitude" : 48.8289683778
    }
  },
  {
    "name" : "Sanisette petit modle",
    "coordinates" : {
      "longitude" : 2.33382132032,
      "latitude" : 48.8303521777
    }
  },
  {
    "name" : "Sanisette petit modle",
    "coordinates" : {
      "longitude" : 2.33546261265,
      "latitude" : 48.8331046157
    }
  },
  {
    "name" : "Sanisette handicape",
    "coordinates" : {
      "longitude" : 2.36831710268,
      "latitude" : 48.852639273
    }
  },
  {
    "name" : "Sanisette grand modle",
    "coordinates" : {
      "longitude" : 2.32624582008,
      "latitude" : 48.8256803173
    }
  },
  {
    "name" : "Sanisette grand modle",
    "coordinates" : {
      "longitude" : 2.32590664222,
      "latitude" : 48.8239797975
    }
  },
  {
    "name" : "Sanisette grand modle",
    "coordinates" : {
      "longitude" : 2.32562962896,
      "latitude" : 48.8216945499
    }
  },
  {
    "name" : "Sanisette petit modle type Champs Elyses",
    "coordinates" : {
      "longitude" : 2.31581611594,
      "latitude" : 48.8356433886
    }
  },
  {
    "name" : "Sanisette grand modle",
    "coordinates" : {
      "longitude" : 2.3218461525,
      "latitude" : 48.8342437713
    }
  },
  {
    "name" : "Sanisette grand modle",
    "coordinates" : {
      "longitude" : 2.3201394873,
      "latitude" : 48.8316454064
    }
  },
  {
    "name" : "Sanisette handicape",
    "coordinates" : {
      "longitude" : 2.30561771471,
      "latitude" : 48.8279408259
    }
  },
  {
    "name" : "Sanisette petit modle",
    "coordinates" : {
      "longitude" : 2.31140991811,
      "latitude" : 48.8325715986
    }
  },
  {
    "name" : "Sanisette handicape",
    "coordinates" : {
      "longitude" : 2.31609188315,
      "latitude" : 48.8312602092
    }
  },
  {
    "name" : "Sanisette petit modle type Champs Elyses",
    "coordinates" : {
      "longitude" : 2.31505564509,
      "latitude" : 48.8256825412
    }
  },
  {
    "name" : "Sanisette grand modle",
    "coordinates" : {
      "longitude" : 2.31147283094,
      "latitude" : 48.8249496649
    }
  },
  {
    "name" : "Sanisette grand modle",
    "coordinates" : {
      "longitude" : 2.31812076666,
      "latitude" : 48.8242470575
    }
  },
  {
    "name" : "Sanisette petit modle",
    "coordinates" : {
      "longitude" : 2.30447299949,
      "latitude" : 48.8267400021
    }
  },
  {
    "name" : "Sanisette handicape",
    "coordinates" : {
      "longitude" : 2.35133896315,
      "latitude" : 48.870484935
    }
  },
  {
    "name" : "Sanisette handicape",
    "coordinates" : {
      "longitude" : 2.29778326361,
      "latitude" : 48.8428603029
    }
  },
  {
    "name" : "Sanisette grand modle",
    "coordinates" : {
      "longitude" : 2.29337801406,
      "latitude" : 48.8360355326
    }
  },
  {
    "name" : "Sanisette petit modle",
    "coordinates" : {
      "longitude" : 2.29167390077,
      "latitude" : 48.8367890393
    }
  },
  {
    "name" : "Sanisette grand modle",
    "coordinates" : {
      "longitude" : 2.29677403507,
      "latitude" : 48.837187423
    }
  },
  {
    "name" : "Sanisette grand modle",
    "coordinates" : {
      "longitude" : 2.30193354466,
      "latitude" : 48.8396686882
    }
  },
  {
    "name" : "Sanisette petit modle",
    "coordinates" : {
      "longitude" : 2.3025859845,
      "latitude" : 48.8356609499
    }
  },
  {
    "name" : "Sanisette grand modle",
    "coordinates" : {
      "longitude" : 2.30333168283,
      "latitude" : 48.8282899684
    }
  },
  {
    "name" : "Sanisette grand modle",
    "coordinates" : {
      "longitude" : 2.29947509469,
      "latitude" : 48.8331311839
    }
  },
  {
    "name" : "Sanisette grand modle",
    "coordinates" : {
      "longitude" : 2.29181107349,
      "latitude" : 48.8309636105
    }
  },
  {
    "name" : "Sanisette grand modle",
    "coordinates" : {
      "longitude" : 2.30352290507,
      "latitude" : 48.8491726668
    }
  },
  {
    "name" : "Sanisette handicape",
    "coordinates" : {
      "longitude" : 2.30889086435,
      "latitude" : 48.8460061513
    }
  },
  {
    "name" : "Sanisette handicape",
    "coordinates" : {
      "longitude" : 2.3109252698,
      "latitude" : 48.8473248
    }
  },
  {
    "name" : "Sanisette handicape",
    "coordinates" : {
      "longitude" : 2.30205829082,
      "latitude" : 48.8478250614
    }
  },
  {
    "name" : "Sanisette grand modle",
    "coordinates" : {
      "longitude" : 2.30188674842,
      "latitude" : 48.8455359921
    }
  },
  {
    "name" : "Sanisette handicape",
    "coordinates" : {
      "longitude" : 2.3110063969,
      "latitude" : 48.8447393215
    }
  },
  {
    "name" : "Sanisette handicape",
    "coordinates" : {
      "longitude" : 2.31841415368,
      "latitude" : 48.845751843
    }
  },
  {
    "name" : "Sanisette petit modle",
    "coordinates" : {
      "longitude" : 2.31693168875,
      "latitude" : 48.8465074003
    }
  },
  {
    "name" : "Sanisette grand modle",
    "coordinates" : {
      "longitude" : 2.32115100217,
      "latitude" : 48.84269586
    }
  },
  {
    "name" : "Sanisette petit modle",
    "coordinates" : {
      "longitude" : 2.31596725972,
      "latitude" : 48.8407687089
    }
  },
  {
    "name" : "Sanisette petit modle",
    "coordinates" : {
      "longitude" : 2.30632138572,
      "latitude" : 48.8392225007
    }
  },
  {
    "name" : "Sanisette grand modle",
    "coordinates" : {
      "longitude" : 2.29075290423,
      "latitude" : 48.8523700694
    }
  },
  {
    "name" : "Sanisette petit modle type Champs Elyses",
    "coordinates" : {
      "longitude" : 2.29105475635,
      "latitude" : 48.8572555791
    }
  },
  {
    "name" : "Sanisette petit modle type Champs Elyses",
    "coordinates" : {
      "longitude" : 2.2910991577,
      "latitude" : 48.8572557856
    }
  },
  {
    "name" : "Sanisette grand modle",
    "coordinates" : {
      "longitude" : 2.29796635482,
      "latitude" : 48.8528451742
    }
  },
  {
    "name" : "Sanisette handicape",
    "coordinates" : {
      "longitude" : 2.29511537195,
      "latitude" : 48.8510494087
    }
  },
  {
    "name" : "Sanisette petit modle",
    "coordinates" : {
      "longitude" : 2.29625321689,
      "latitude" : 48.8496472726
    }
  },
  {
    "name" : "Sanisette grand modle",
    "coordinates" : {
      "longitude" : 2.29214529316,
      "latitude" : 48.8453656745
    }
  },
  {
    "name" : "Sanisette grand modle",
    "coordinates" : {
      "longitude" : 2.29043894674,
      "latitude" : 48.8447865311
    }
  },
  {
    "name" : "Sanisette petit modle",
    "coordinates" : {
      "longitude" : 2.292281384,
      "latitude" : 48.8469138432
    }
  },
  {
    "name" : "Sanisette handicape",
    "coordinates" : {
      "longitude" : 2.28790309405,
      "latitude" : 48.8490353345
    }
  },
  {
    "name" : "Sanisette handicape",
    "coordinates" : {
      "longitude" : 2.28474616271,
      "latitude" : 48.8465509825
    }
  },
  {
    "name" : "Sanisette grand modle",
    "coordinates" : {
      "longitude" : 2.27759184673,
      "latitude" : 48.8462360518
    }
  },
  {
    "name" : "Sanisette petit modle",
    "coordinates" : {
      "longitude" : 2.28112620228,
      "latitude" : 48.8442321603
    }
  },
  {
    "name" : "Sanisette petit modle",
    "coordinates" : {
      "longitude" : 2.2921286226,
      "latitude" : 48.842578176
    }
  },
  {
    "name" : "Sanisette handicape",
    "coordinates" : {
      "longitude" : 2.28252037214,
      "latitude" : 48.8390864011
    }
  },
  {
    "name" : "Sanisette handicape",
    "coordinates" : {
      "longitude" : 2.28165960365,
      "latitude" : 48.836238269
    }
  },
  {
    "name" : "Sanisette grand modle",
    "coordinates" : {
      "longitude" : 2.27992759525,
      "latitude" : 48.8391339325
    }
  },
  {
    "name" : "Sanisette grand modle",
    "coordinates" : {
      "longitude" : 2.28220795338,
      "latitude" : 48.8429616373
    }
  },
  {
    "name" : "Sanisette grand modle",
    "coordinates" : {
      "longitude" : 2.26910397212,
      "latitude" : 48.8544069845
    }
  },
  {
    "name" : "Sanisette handicape",
    "coordinates" : {
      "longitude" : 2.27785357098,
      "latitude" : 48.8508272525
    }
  },
  {
    "name" : "Sanisette handicape",
    "coordinates" : {
      "longitude" : 2.27536261499,
      "latitude" : 48.8512746488
    }
  },
  {
    "name" : "Sanisette handicape",
    "coordinates" : {
      "longitude" : 2.27360376026,
      "latitude" : 48.8476801267
    }
  },
  {
    "name" : "Sanisette handicape",
    "coordinates" : {
      "longitude" : 2.26037876849,
      "latitude" : 48.8484322272
    }
  },
  {
    "name" : "Sanisette petit modle type Champs Elyses",
    "coordinates" : {
      "longitude" : 2.26929766585,
      "latitude" : 48.8432103398
    }
  },
  {
    "name" : "Sanisette handicape",
    "coordinates" : {
      "longitude" : 2.26905062747,
      "latitude" : 48.8459336295
    }
  },
  {
    "name" : "Sanisette grand modle",
    "coordinates" : {
      "longitude" : 2.25867279661,
      "latitude" : 48.8384238725
    }
  },
  {
    "name" : "Sanisette petit modle",
    "coordinates" : {
      "longitude" : 2.25461090515,
      "latitude" : 48.8412300986
    }
  },
  {
    "name" : "Sanisette petit modle",
    "coordinates" : {
      "longitude" : 2.25617126332,
      "latitude" : 48.8422430152
    }
  },
  {
    "name" : "Sanisette grand modle",
    "coordinates" : {
      "longitude" : 2.25595652424,
      "latitude" : 48.8458000341
    }
  },
  {
    "name" : "Sanisette petit modle type Champs Elyses",
    "coordinates" : {
      "longitude" : 2.25714975534,
      "latitude" : 48.8484441812
    }
  },
  {
    "name" : "Sanisette petit modle",
    "coordinates" : {
      "longitude" : 2.28910535282,
      "latitude" : 48.8589997673
    }
  },
  {
    "name" : "Sanisette handicape",
    "coordinates" : {
      "longitude" : 2.28635222631,
      "latitude" : 48.86214824
    }
  },
  {
    "name" : "Sanisette petit modle",
    "coordinates" : {
      "longitude" : 2.26686787803,
      "latitude" : 48.8571676186
    }
  },
  {
    "name" : "Sanisette handicape",
    "coordinates" : {
      "longitude" : 2.27955481405,
      "latitude" : 48.8754225825
    }
  },
  {
    "name" : "Sanisette petit modle",
    "coordinates" : {
      "longitude" : 2.28479218559,
      "latitude" : 48.8768735019
    }
  },
  {
    "name" : "Sanisette handicape",
    "coordinates" : {
      "longitude" : 2.2943566887,
      "latitude" : 48.8875425514
    }
  },
  {
    "name" : "Sanisette handicape",
    "coordinates" : {
      "longitude" : 2.28599428073,
      "latitude" : 48.881886207
    }
  },
  {
    "name" : "Sanisette handicape",
    "coordinates" : {
      "longitude" : 2.29549672117,
      "latitude" : 48.8814875853
    }
  },
  {
    "name" : "Sanisette handicape",
    "coordinates" : {
      "longitude" : 2.28592963727,
      "latitude" : 48.8769321563
    }
  },
  {
    "name" : "Sanisette handicape",
    "coordinates" : {
      "longitude" : 2.29446932833,
      "latitude" : 48.8789197188
    }
  },
  {
    "name" : "Sanisette handicape",
    "coordinates" : {
      "longitude" : 2.29567079703,
      "latitude" : 48.8749657817
    }
  },
  {
    "name" : "Sanisette grand modle",
    "coordinates" : {
      "longitude" : 2.30810759599,
      "latitude" : 48.8843534933
    }
  },
  {
    "name" : "Sanisette petit modle",
    "coordinates" : {
      "longitude" : 2.30406189057,
      "latitude" : 48.8860060453
    }
  },
  {
    "name" : "Sanisette handicape",
    "coordinates" : {
      "longitude" : 2.30418444436,
      "latitude" : 48.8840283646
    }
  },
  {
    "name" : "Sanisette petit modle",
    "coordinates" : {
      "longitude" : 2.30227434257,
      "latitude" : 48.8839232018
    }
  },
  {
    "name" : "Sanisette petit modle",
    "coordinates" : {
      "longitude" : 2.31531766548,
      "latitude" : 48.881443744
    }
  },
  {
    "name" : "Sanisette petit modle",
    "coordinates" : {
      "longitude" : 2.30344838844,
      "latitude" : 48.8905350172
    }
  },
  {
    "name" : "Sanisette grand modle",
    "coordinates" : {
      "longitude" : 2.31684782157,
      "latitude" : 48.8867230365
    }
  },
  {
    "name" : "Sanisette petit modle",
    "coordinates" : {
      "longitude" : 2.31577992804,
      "latitude" : 48.8883693105
    }
  },
  {
    "name" : "Sanisette grand modle",
    "coordinates" : {
      "longitude" : 2.32658704014,
      "latitude" : 48.8850931945
    }
  },
  {
    "name" : "Sanisette handicape",
    "coordinates" : {
      "longitude" : 2.3142584749,
      "latitude" : 48.8948442728
    }
  },
  {
    "name" : "Sanisette handicape",
    "coordinates" : {
      "longitude" : 2.32801360424,
      "latitude" : 48.8958335748
    }
  },
  {
    "name" : "Sanisette handicape",
    "coordinates" : {
      "longitude" : 2.3196539508,
      "latitude" : 48.8907886644
    }
  },
  {
    "name" : "Sanisette grand modle",
    "coordinates" : {
      "longitude" : 2.31888479096,
      "latitude" : 48.8894351382
    }
  },
  {
    "name" : "Sanisette handicape",
    "coordinates" : {
      "longitude" : 2.33509855255,
      "latitude" : 48.9005979044
    }
  },
  {
    "name" : "Sanisette grand modle",
    "coordinates" : {
      "longitude" : 2.33459260031,
      "latitude" : 48.8964203135
    }
  },
  {
    "name" : "Sanisette petit modle",
    "coordinates" : {
      "longitude" : 2.32935714286,
      "latitude" : 48.8979040259
    }
  },
  {
    "name" : "Sanisette petit modle",
    "coordinates" : {
      "longitude" : 2.3376828482,
      "latitude" : 48.8990020021
    }
  },
  {
    "name" : "Sanisette petit modle",
    "coordinates" : {
      "longitude" : 2.34205017461,
      "latitude" : 48.8977559045
    }
  },
  {
    "name" : "Sanisette petit modle",
    "coordinates" : {
      "longitude" : 2.34393680607,
      "latitude" : 48.8991776855
    }
  },
  {
    "name" : "Sanisette petit modle",
    "coordinates" : {
      "longitude" : 2.34379255176,
      "latitude" : 48.9008271579
    }
  },
  {
    "name" : "Sanisette handicape",
    "coordinates" : {
      "longitude" : 2.33521573698,
      "latitude" : 48.8917801238
    }
  },
  {
    "name" : "Sanisette handicape",
    "coordinates" : {
      "longitude" : 2.33823303924,
      "latitude" : 48.8965409135
    }
  },
  {
    "name" : "Sanisette handicape",
    "coordinates" : {
      "longitude" : 2.33679957216,
      "latitude" : 48.8934622124
    }
  },
  {
    "name" : "Sanisette handicape",
    "coordinates" : {
      "longitude" : 2.3271767196,
      "latitude" : 48.8919364971
    }
  },
  {
    "name" : "Sanisette handicape",
    "coordinates" : {
      "longitude" : 2.32592922708,
      "latitude" : 48.8882218896
    }
  },
  {
    "name" : "Sanisette petit modle",
    "coordinates" : {
      "longitude" : 2.32668080475,
      "latitude" : 48.88526545
    }
  },
  {
    "name" : "Sanisette grand modle",
    "coordinates" : {
      "longitude" : 2.34441720179,
      "latitude" : 48.8993794262
    }
  },
  {
    "name" : "Sanisette petit modle",
    "coordinates" : {
      "longitude" : 2.34442359099,
      "latitude" : 48.9011156784
    }
  },
  {
    "name" : "Sanisette grand modle",
    "coordinates" : {
      "longitude" : 2.34598786453,
      "latitude" : 48.8957835474
    }
  },
  {
    "name" : "Sanisette petit modle",
    "coordinates" : {
      "longitude" : 2.34551677914,
      "latitude" : 48.8923575871
    }
  },
  {
    "name" : "Sanisette grand modle",
    "coordinates" : {
      "longitude" : 2.34501984232,
      "latitude" : 48.8891541701
    }
  },
  {
    "name" : "Sanisette petit modle",
    "coordinates" : {
      "longitude" : 2.34271512594,
      "latitude" : 48.8844581853
    }
  },
  {
    "name" : "Sanisette petit modle",
    "coordinates" : {
      "longitude" : 2.34271838143,
      "latitude" : 48.8844294534
    }
  },
  {
    "name" : "Sanisette petit modle type Champs Elyses",
    "coordinates" : {
      "longitude" : 2.3446418761,
      "latitude" : 48.8844848928
    }
  },
  {
    "name" : "Sanisette grand modle",
    "coordinates" : {
      "longitude" : 2.34931510024,
      "latitude" : 48.8847176479
    }
  },
  {
    "name" : "Sanisette handicape",
    "coordinates" : {
      "longitude" : 2.34973145666,
      "latitude" : 48.8914353143
    }
  },
  {
    "name" : "Sanisette petit modle",
    "coordinates" : {
      "longitude" : 2.34941528247,
      "latitude" : 48.8884974961
    }
  },
  {
    "name" : "Sanisette petit modle",
    "coordinates" : {
      "longitude" : 2.35882603477,
      "latitude" : 48.8950669737
    }
  },
  {
    "name" : "Sanisette grand modle",
    "coordinates" : {
      "longitude" : 2.35488531428,
      "latitude" : 48.8905260804
    }
  },
  {
    "name" : "Sanisette grand modle",
    "coordinates" : {
      "longitude" : 2.35492569146,
      "latitude" : 48.8850440448
    }
  },
  {
    "name" : "Sanisette petit modle",
    "coordinates" : {
      "longitude" : 2.35342005149,
      "latitude" : 48.8840731349
    }
  },
  {
    "name" : "Sanisette petit modle",
    "coordinates" : {
      "longitude" : 2.35908368206,
      "latitude" : 48.8846497854
    }
  },
  {
    "name" : "Sanisette petit modle",
    "coordinates" : {
      "longitude" : 2.37010069664,
      "latitude" : 48.8991832342
    }
  },
  {
    "name" : "Sanisette petit modle",
    "coordinates" : {
      "longitude" : 2.36930100133,
      "latitude" : 48.8987711269
    }
  },
  {
    "name" : "Sanisette handicape",
    "coordinates" : {
      "longitude" : 2.3615384555,
      "latitude" : 48.8920630646
    }
  },
  {
    "name" : "Sanisette grand modle",
    "coordinates" : {
      "longitude" : 2.37902827019,
      "latitude" : 48.8888392461
    }
  },
  {
    "name" : "Sanisette petit modle",
    "coordinates" : {
      "longitude" : 2.37391558016,
      "latitude" : 48.8886880807
    }
  },
  {
    "name" : "Sanisette grand modle",
    "coordinates" : {
      "longitude" : 2.37033450811,
      "latitude" : 48.8857771675
    }
  },
  {
    "name" : "Sanisette handicape",
    "coordinates" : {
      "longitude" : 2.36735491266,
      "latitude" : 48.884257376
    }
  },
  {
    "name" : "Sanisette grand modle",
    "coordinates" : {
      "longitude" : 2.38099000648,
      "latitude" : 48.8855312646
    }
  },
  {
    "name" : "Sanisette petit modle",
    "coordinates" : {
      "longitude" : 2.37583836639,
      "latitude" : 48.8858033627
    }
  },
  {
    "name" : "Sanisette petit modle",
    "coordinates" : {
      "longitude" : 2.37582558174,
      "latitude" : 48.887232212
    }
  },
  {
    "name" : "Sanisette handicape",
    "coordinates" : {
      "longitude" : 2.38673679655,
      "latitude" : 48.8989685345
    }
  },
  {
    "name" : "Sanisette petit modle type Champs Elyses",
    "coordinates" : {
      "longitude" : 2.3933052525,
      "latitude" : 48.8891263204
    }
  },
  {
    "name" : "Sanisette grand modle",
    "coordinates" : {
      "longitude" : 2.39374648241,
      "latitude" : 48.886252764
    }
  },
  {
    "name" : "Sanisette grand modle",
    "coordinates" : {
      "longitude" : 2.3978100597,
      "latitude" : 48.8838935792
    }
  },
  {
    "name" : "Sanisette grand modle",
    "coordinates" : {
      "longitude" : 2.3933691324,
      "latitude" : 48.882179019
    }
  },
  {
    "name" : "Sanisette grand modle",
    "coordinates" : {
      "longitude" : 2.3925209629,
      "latitude" : 48.8770606461
    }
  },
  {
    "name" : "Sanisette grand modle",
    "coordinates" : {
      "longitude" : 2.3977453589,
      "latitude" : 48.8755529565
    }
  },
  {
    "name" : "Sanisette grand modle",
    "coordinates" : {
      "longitude" : 2.4066563805,
      "latitude" : 48.8774643824
    }
  },
  {
    "name" : "Sanisette handicape",
    "coordinates" : {
      "longitude" : 2.38346520522,
      "latitude" : 48.8835051005
    }
  },
  {
    "name" : "Sanisette handicape",
    "coordinates" : {
      "longitude" : 2.38141005065,
      "latitude" : 48.8830314484
    }
  },
  {
    "name" : "Sanisette handicape",
    "coordinates" : {
      "longitude" : 2.38439070375,
      "latitude" : 48.8793855581
    }
  },
  {
    "name" : "Sanisette handicape",
    "coordinates" : {
      "longitude" : 2.38051744923,
      "latitude" : 48.8762353299
    }
  },
  {
    "name" : "Sanisette petit modle",
    "coordinates" : {
      "longitude" : 2.38123979985,
      "latitude" : 48.8778746706
    }
  },
  {
    "name" : "Sanisette grand modle",
    "coordinates" : {
      "longitude" : 2.37391380523,
      "latitude" : 48.8784356262
    }
  },
  {
    "name" : "Sanisette handicape",
    "coordinates" : {
      "longitude" : 2.37822352603,
      "latitude" : 48.8786095723
    }
  },
  {
    "name" : "Sanisette grand modle",
    "coordinates" : {
      "longitude" : 2.37737011158,
      "latitude" : 48.8723169726
    }
  },
  {
    "name" : "Sanisette grand modle",
    "coordinates" : {
      "longitude" : 2.37909620516,
      "latitude" : 48.8703708122
    }
  },
  {
    "name" : "Sanisette handicape",
    "coordinates" : {
      "longitude" : 2.38973749236,
      "latitude" : 48.8736851996
    }
  },
  {
    "name" : "Sanisette handicape",
    "coordinates" : {
      "longitude" : 2.3920372553,
      "latitude" : 48.8719337117
    }
  },
  {
    "name" : "Sanisette grand modle",
    "coordinates" : {
      "longitude" : 2.39817213479,
      "latitude" : 48.8705825658
    }
  },
  {
    "name" : "Sanisette grand modle",
    "coordinates" : {
      "longitude" : 2.40703693425,
      "latitude" : 48.875974316
    }
  },
  {
    "name" : "Sanisette grand modle",
    "coordinates" : {
      "longitude" : 2.40897419731,
      "latitude" : 48.8709168636
    }
  },
  {
    "name" : "Sanisette grand modle",
    "coordinates" : {
      "longitude" : 2.40838963958,
      "latitude" : 48.8725627999
    }
  },
  {
    "name" : "Sanisette petit modle",
    "coordinates" : {
      "longitude" : 2.40397709054,
      "latitude" : 48.8715508682
    }
  },
  {
    "name" : "Sanisette petit modle",
    "coordinates" : {
      "longitude" : 2.40850117501,
      "latitude" : 48.8648493882
    }
  },
  {
    "name" : "Sanisette petit modle",
    "coordinates" : {
      "longitude" : 2.38721320973,
      "latitude" : 48.8633111177
    }
  },
  {
    "name" : "Sanisette grand modle",
    "coordinates" : {
      "longitude" : 2.38989176072,
      "latitude" : 48.8685642381
    }
  },
  {
    "name" : "Sanisette grand modle",
    "coordinates" : {
      "longitude" : 2.38975791582,
      "latitude" : 48.8662960734
    }
  },
  {
    "name" : "Sanisette petit modle",
    "coordinates" : {
      "longitude" : 2.39471065122,
      "latitude" : 48.8649456867
    }
  },
  {
    "name" : "Sanisette handicape",
    "coordinates" : {
      "longitude" : 2.39979339521,
      "latitude" : 48.8649175389
    }
  },
  {
    "name" : "Sanisette handicape",
    "coordinates" : {
      "longitude" : 2.40074912307,
      "latitude" : 48.8648789993
    }
  },
  {
    "name" : "Sanisette petit modle",
    "coordinates" : {
      "longitude" : 2.40101283298,
      "latitude" : 48.8600055676
    }
  },
  {
    "name" : "Sanisette grand modle",
    "coordinates" : {
      "longitude" : 2.39592846881,
      "latitude" : 48.8547732065
    }
  },
  {
    "name" : "Sanisette handicape",
    "coordinates" : {
      "longitude" : 2.40258141015,
      "latitude" : 48.8491061898
    }
  },
  {
    "name" : "Sanisette grand modle",
    "coordinates" : {
      "longitude" : 2.40993391914,
      "latitude" : 48.85559558
    }
  },
  {
    "name" : "Sanisette petit modle",
    "coordinates" : {
      "longitude" : 2.41223575468,
      "latitude" : 48.8544548568
    }
  },
  {
    "name" : "Sanisette grand modle",
    "coordinates" : {
      "longitude" : 2.40450827627,
      "latitude" : 48.8570541989
    }
  },
  {
    "name" : "Sanisette grand modle",
    "coordinates" : {
      "longitude" : 2.4145419637,
      "latitude" : 48.8583684997
    }
  },
  {
    "name" : "Sanisette grand modle",
    "coordinates" : {
      "longitude" : 2.40892882468,
      "latitude" : 48.8641098104
    }
  },
  {
    "name" : "Sanisette handicape",
    "coordinates" : {
      "longitude" : 2.41522505962,
      "latitude" : 48.8553298333
    }
  },
  {
    "name" : "Sanisette petit modle type Champs Elyses",
    "coordinates" : {
      "longitude" : 2.29211468698,
      "latitude" : 48.8896091705
    }
  },
  {
    "name" : "Sanisette handicape",
    "coordinates" : {
      "longitude" : 2.3501289567,
      "latitude" : 48.868346698
    }
  },
  {
    "name" : "Sanisette handicape",
    "coordinates" : {
      "longitude" : 2.36012197907,
      "latitude" : 48.8649691817
    }
  },
  {
    "name" : "Sanisette handicape",
    "coordinates" : {
      "longitude" : 2.36670443709,
      "latitude" : 48.8499234307
    }
  },
  {
    "name" : "Sanisette handicape",
    "coordinates" : {
      "longitude" : 2.32513842597,
      "latitude" : 48.851620134
    }
  },
  {
    "name" : "Sanisette handicape",
    "coordinates" : {
      "longitude" : 2.35453874262,
      "latitude" : 48.8707549866
    }
  },
  {
    "name" : "Sanisette handicape",
    "coordinates" : {
      "longitude" : 2.36658604384,
      "latitude" : 48.8700320637
    }
  },
  {
    "name" : "Sanisette handicape",
    "coordinates" : {
      "longitude" : 2.36406665725,
      "latitude" : 48.8725848101
    }
  }
]